feed_id,country,provider,name,url,licence,licence_url,attribution
mdb-1423,AU,Canberra Metro Operations,Canberra Metro Light Rail,http://files.transport.act.gov.au/feeds/lightrail.pb,CC-BY 4.0,https://creativecommons.org/licenses/by/4.0/legalcode,
tld-4493-vp,AU,Translink,,https://gtfsrt.api.translink.com.au/api/realtime/BOW/VehiclePositions,operator terms,https://translink.com.au/about-translink/open-data/gtfs-rt,
tld-4491-vp,AU,Translink,,https://gtfsrt.api.translink.com.au/api/realtime/INN/VehiclePositions,operator terms,https://translink.com.au/about-translink/open-data/gtfs-rt,
tld-4488-vp,AU,Translink,,https://gtfsrt.api.translink.com.au/api/realtime/MHB/VehiclePositions,operator terms,https://translink.com.au/about-translink/open-data/gtfs-rt,
tld-4489-vp,AU,Translink,,https://gtfsrt.api.translink.com.au/api/realtime/NSI/VehiclePositions,operator terms,https://translink.com.au/about-translink/open-data/gtfs-rt,
mdb-1704,AU,TransLink Sunbus Cairns,,https://gtfsrt.api.translink.com.au/api/realtime/CNS/VehiclePositions,operator terms,https://translink.com.au/about-translink/open-data,
tdg-84122,BE,Syndicat Intercommunal de Mobilité et d'Organisation Urbaine du Valenciennois,Réseau urbain Transvilles,https://www.data.gouv.fr/api/1/datasets/r/74975bc9-525c-4ecd-b6cb-d1ca08863ba8,Etalab 2.0,https://www.data.gouv.fr/pages/legal/licences/etalab-2.0,
mdb-2847,BG,Urban Mobility Center - Sofia Traffic,,https://gtfs.sofiatraffic.bg/api/v1/vehicle-positions,operator terms,https://www.sofiatraffic.bg/bg/info-center/gtfs-danni,
mdb-1466,CA,Durham Region Transit,,https://drtonline.durhamregiontransit.com/gtfsrealtime/VehiclePositions,operator terms,https://opendata.durham.ca/search?q=service%20alert,
mdb-2592,CA,Guelph Transit,,https://glphprdtmgtfs.glphtrpcloud.com/tmgtfsrealtimewebservice/vehicle/vehiclepositions.pb,operator terms,https://explore.guelph.ca/pages/terms-of-use,
mdb-1607,CA,Halifax Transit,,http://gtfs.halifax.ca/realtime/Vehicle/VehiclePositions.pb,operator terms,http://www.halifax.ca/opendata/transit.php,
mdb-1458,CA,Hamilton Street Railway,,https://opendata.hamilton.ca/GTFS-RT/GTFS_VehiclePositions.pb,operator terms,https://www.hamilton.ca/city-council/data-maps/open-data/open-data-licence-terms-and-conditions,Contains public sector Data made available under the City of Hamilton’s Open Data Licence
mdb-1612,CA,MiWay,,https://www.miapp.ca/GTFS_RT/Vehicle/VehiclePositions.pb,operator terms,http://www.mississauga.ca/portal/miway/developerdownload,
mdb-2391,CZ,Prazska integrovana doprava (PID),,https://api.golemio.cz/v2/vehiclepositions/gtfsrt/vehicle_positions.pb,operator terms,https://pid.cz/o-systemu/opendata/,
tdg-82719,DE,Fluo Grand Est,Réseau urbain Forbus,https://proxy.transport.data.gouv.fr/resource/fluo-forbus-forbach-gtfs-rt-vehicle-position?token=xdgqKBTAzhw4DSPz6zeGc4c5eW0LhwztcGv4-vpzP4U,Etalab 2.0,https://www.data.gouv.fr/pages/legal/licences/etalab-2.0,
tdg-83714,DE,Fluo Grand Est,Réseau interurbain Fluo Grand-Est - Haut-Rhin (68),https://proxy.transport.data.gouv.fr/resource/fluo-haut-rhin-68-gtfs-rt-vehicle-position?token=xdgqKBTAzhw4DSPz6zeGc4c5eW0LhwztcGv4-vpzP4U,Etalab 2.0,https://www.data.gouv.fr/pages/legal/licences/etalab-2.0,
mdb-3058,ES,Metro Bilbao,,https://ctb-gtfs-rt.s3.eu-south-2.amazonaws.com/metro-bilbao-vehicle-positions.pb,operator terms,https://data.ctb.eus/en/pages/legal-notice,
mdb-2835,ES,Renfe commuter trains (Cercanias),,https://gtfsrt.renfe.com/vehicle_positions.pb,operator terms,https://data.renfe.com/dataset/ubicacion-vehiculos,
mdb-3229,FI,Helsingin seudun liikenne,Helsingin seudun liikenne,https://realtime.hsl.fi/realtime/vehicle-positions/v2/hsl,operator terms,https://www.hsl.fi/en/hsl/open-data#gtfs-rt-ap-is,
tdg-81698,FR,Agglo Pays d'Issoire,Réseau urbain Cherpa,https://www.data.gouv.fr/api/1/datasets/r/bbc60d61-bf8f-40ec-9e3b-9c040cc2b06e,Etalab 2.0,https://www.data.gouv.fr/pages/legal/licences/etalab-2.0,
tdg-83840,FR,ALEO,Réseau urbain Aléo,https://www.data.gouv.fr/api/1/datasets/r/7c1a4aee-6445-4a2e-90aa-250ade5b9e80,Etalab 2.0,https://www.data.gouv.fr/pages/legal/licences/etalab-2.0,
tdg-80381,FR,Alliance Atlantique,Réseau urbain Move,https://www.data.gouv.fr/api/1/datasets/r/68fc6b99-b51c-4a3c-9740-2edbc4a705bf,Etalab 2.0,https://www.data.gouv.fr/pages/legal/licences/etalab-2.0,
tdg-80382,FR,Alliance Atlantique,Réseau urbain Gratibus,https://www.data.gouv.fr/api/1/datasets/r/e3f2ac4c-758b-4dbd-9854-aa4d95c27d16,Etalab 2.0,https://www.data.gouv.fr/pages/legal/licences/etalab-2.0,
tdg-80662,FR,ALTERNEO,Réseau urbain Alternéo,https://proxy.transport.data.gouv.fr/resource/alterneo-civis-gtfs-rt-vehicle-position?token=xdgqKBTAzhw4DSPz6zeGc4c5eW0LhwztcGv4-vpzP4U,Etalab 2.0,https://www.data.gouv.fr/pages/legal/licences/etalab-2.0,
tdg-80710,FR,Ametis,Réseau urbain Ametis,https://proxy.transport.data.gouv.fr/resource/ametis-amiens-gtfs-rt-vehicle-position?token=xdgqKBTAzhw4DSPz6zeGc4c5eW0LhwztcGv4-vpzP4U,Etalab 2.0,https://www.data.gouv.fr/pages/legal/licences/etalab-2.0,
tdg-81786,FR,Angers Loire Métropole,Réseau urbain Irigo,https://www.data.gouv.fr/api/1/datasets/r/83582223-990a-452d-ba3d-49f2977d0292,ODbL 1.0,https://opendatacommons.org/licenses/odbl/1.0/,
tdg-79746,FR,Armor Argoat Mobilité • Guingamp-Paimpol Mobilité,Réseau urbain et scolaire Guingamp-Paimpol Mobilité,https://proxy.transport.data.gouv.fr/resource/axeo-guingamp-gtfs-rt-vehicle-position?token=xdgqKBTAzhw4DSPz6zeGc4c5eW0LhwztcGv4-vpzP4U,ODbL 1.0,https://opendatacommons.org/licenses/odbl/1.0/,
tdg-83365,FR,Auray Quiberon Terre Atlantique,Réseau urbain Glazgo,https://www.data.gouv.fr/api/1/datasets/r/db7ab07b-daf3-4423-9884-d8d5c659dd13,ODbL 1.0,https://opendatacommons.org/licenses/odbl/1.0/,
tdg-74509,FR,Brest métropole,Réseau urbain Bibus,https://proxy.transport.data.gouv.fr/resource/bibus-brest-gtfs-rt-vehicle-position?token=xdgqKBTAzhw4DSPz6zeGc4c5eW0LhwztcGv4-vpzP4U,Etalab 2.0,https://www.data.gouv.fr/pages/legal/licences/etalab-2.0,
tdg-83395,FR,CA Luberon Monts de Vaucluse,Réseau urbain Cmonbus,https://www.data.gouv.fr/api/1/datasets/r/cc043d19-1258-433c-9d55-5c62fef2d038,Etalab 2.0,https://www.data.gouv.fr/pages/legal/licences/etalab-2.0,
mdb-2459,FR,Car Jaune,,https://pysae.com/api/v2/groups/car-jaune/gtfs-rt,operator terms,https://transport.data.gouv.fr/datasets/horaires-theoriques-au-format-gtfs-et-horaires-temps-reel-au-format-gtfs-rt-du-reseau-car-jaune-a-la-reunion,
tdg-83201,FR,Coeur de Flandre Agglo,Réseau urbain Hop Bus,https://www.data.gouv.fr/api/1/datasets/r/131da43c-d324-4f98-8481-0c7b20327df1,Etalab 2.0,https://www.data.gouv.fr/pages/legal/licences/etalab-2.0,
tdg-83139,FR,Communauté d'Agglomération Beaune Côte et Sud,Réseau urbain Côte&Bus,https://proxy.transport.data.gouv.fr/resource/beaune-cote-et-bus-gtfs-rt-vehicle-position?token=xdgqKBTAzhw4DSPz6zeGc4c5eW0LhwztcGv4-vpzP4U,Etalab 2.0,https://www.data.gouv.fr/pages/legal/licences/etalab-2.0,
tdg-81341,FR,Communauté d'Agglomération du Grand Dole,Réseau urbain Grandole Mobilités,https://proxy.transport.data.gouv.fr/resource/tgd-dole-gtfs-rt-vehicle-position?token=xdgqKBTAzhw4DSPz6zeGc4c5eW0LhwztcGv4-vpzP4U,Etalab 2.0,https://www.data.gouv.fr/pages/legal/licences/etalab-2.0,
tdg-83928,FR,Communauté d'Agglomération du Pays de Saint-Omer,Réseau urbain Mouvéo,https://proxy.transport.data.gouv.fr/resource/mouveo-saint-omer-gtfs-rt-vehicle-position?token=xdgqKBTAzhw4DSPz6zeGc4c5eW0LhwztcGv4-vpzP4U,Etalab 2.0,https://www.data.gouv.fr/pages/legal/licences/etalab-2.0,
tdg-81626,FR,Communauté d'Agglomération Gap-Tallard-Durance,Réseau urbain L'Agglo en Bus,https://www.data.gouv.fr/api/1/datasets/r/11f653e9-0d6a-4e87-8cda-3069b3c6b441,Etalab 2.0,https://www.data.gouv.fr/pages/legal/licences/etalab-2.0,
tdg-40623,FR,Communauté d'Agglomération Hérault Méditerranée,Réseau urbain Cap’Bus,https://www.data.gouv.fr/api/1/datasets/r/7dab24f0-3114-49b9-827d-376d10a4b193,Etalab 2.0,https://www.data.gouv.fr/pages/legal/licences/etalab-2.0,
tdg-79830,FR,Communauté d'agglomération Le Cotentin,Réseau urbain Cap Cotentin,https://www.data.gouv.fr/api/1/datasets/r/c94af528-293f-406f-a96f-bf847bcb252a,Etalab 2.0,https://www.data.gouv.fr/pages/legal/licences/etalab-2.0,
tdg-83855,FR,Communauté d'Agglomération Lunel Agglo,Réseau urbain Olé,https://www.data.gouv.fr/api/1/datasets/r/5511d6c1-1454-4045-a2f5-1223f22d7530,Etalab 2.0,https://www.data.gouv.fr/pages/legal/licences/etalab-2.0,
tdg-79036,FR,Communauté d'agglomération Porte de l'Isère,Réseau urbain Ruban,https://www.data.gouv.fr/api/1/datasets/r/120182b0-e338-4917-b2bb-ee37b60de1ba,ODbL 1.0,https://opendatacommons.org/licenses/odbl/1.0/,
tdg-83190,FR,Communauté de Communes Chinon Vienne et Loire,Navette estivale CVL Mobilité,https://www.data.gouv.fr/api/1/datasets/r/82608db8-ab62-48d8-83de-decaed8828b3,Etalab 2.0,https://www.data.gouv.fr/pages/legal/licences/etalab-2.0,
tdg-83192,FR,Communauté de Communes Chinon Vienne et Loire,Réseau urbain CVL Mobilité,https://www.data.gouv.fr/api/1/datasets/r/8d37ead3-7887-438b-9b0b-e2675d0e3f2c,Etalab 2.0,https://www.data.gouv.fr/pages/legal/licences/etalab-2.0,
tdg-83860,FR,Communauté de Communes Cœur de Loire,Réseau urbain Papillon,https://www.data.gouv.fr/api/1/datasets/r/60dde12f-09d6-49ec-86c5-300a59119488,Etalab 2.0,https://www.data.gouv.fr/pages/legal/licences/etalab-2.0,
tdg-83468,FR,Communauté de Communes du Pays des Écrins,Réseau urbain Pays des Ecrins,https://www.data.gouv.fr/api/1/datasets/r/252fd29f-4a13-4e38-9e9e-6d3c09e9bb5a,Etalab 2.0,https://www.data.gouv.fr/pages/legal/licences/etalab-2.0,
tdg-81808,FR,Communauté de Communes du Sud Corse,Réseau urbain A Citadina,https://www.data.gouv.fr/api/1/datasets/r/a792a365-b5bc-48b8-81eb-512e8e83af08,Etalab 2.0,https://www.data.gouv.fr/pages/legal/licences/etalab-2.0,
tdg-83630,FR,Communauté de Communes Haute-Tarentaise,Navettes saisonnières Val d'Isère,https://www.data.gouv.fr/api/1/datasets/r/28c1bf4a-90d8-4360-baf3-ceaea2a1941f,Etalab 2.0,https://www.data.gouv.fr/pages/legal/licences/etalab-2.0,
tdg-83628,FR,Communauté de Communes Haute-Tarentaise,Navettes saisonnières Tignes,https://www.data.gouv.fr/api/1/datasets/r/a93d2e49-c4c3-4f8c-8e03-ce346c2d53b2,Etalab 2.0,https://www.data.gouv.fr/pages/legal/licences/etalab-2.0,
tdg-83386,FR,Communauté d’Agglomération du Centre Littoral de Guyane,Réseau urbain Agglobus,https://www.data.gouv.fr/api/1/datasets/r/16f3e3ea-8527-4a6a-a37e-2b7eb312da51,Etalab 2.0,https://www.data.gouv.fr/pages/legal/licences/etalab-2.0,
tdg-83857,FR,Communauté Urbaine de Dunkerque / Réseau Dk Bus,Réseau urbain DK'BUS,https://www.data.gouv.fr/api/1/datasets/r/39f7ea92-6ad5-4a02-ad14-4019ce4a8ecb,ODbL 1.0,https://opendatacommons.org/licenses/odbl/1.0/,
tdg-67732,FR,DiviaMobilités,Réseau urbain DiviaMobilités,https://proxy.transport.data.gouv.fr/resource/divia-dijon-gtfs-rt-vehicle-position?token=xdgqKBTAzhw4DSPz6zeGc4c5eW0LhwztcGv4-vpzP4U,Etalab 2.0,https://www.data.gouv.fr/pages/legal/licences/etalab-2.0,
tdg-83079,FR,ENVIA,Réseau urbain Envia,https://www.data.gouv.fr/api/1/datasets/r/8e45727d-487f-4a14-823b-d906d6ebaa43,Etalab 2.0,https://www.data.gouv.fr/pages/legal/licences/etalab-2.0,
tdg-84017,FR,Estérel Côte d'Azur Agglomération,Réseau urbain Le Bus,https://www.data.gouv.fr/api/1/datasets/r/24e2ecf9-82a3-4bfc-bf86-db6ec81c480f,Etalab 2.0,https://www.data.gouv.fr/pages/legal/licences/etalab-2.0,
tdg-81512,FR,Eurométropole de Metz,Réseau urbain Le Met',https://proxy.transport.data.gouv.fr/resource/lemet-metz-gtfs-rt-vehicle-position?token=xdgqKBTAzhw4DSPz6zeGc4c5eW0LhwztcGv4-vpzP4U,Etalab 2.0,https://www.data.gouv.fr/pages/legal/licences/etalab-2.0,
tdg-83851,FR,Filibus - Chartres Métropole Transports,Réseau urbain Filibus,https://www.data.gouv.fr/api/1/datasets/r/7e4b9d82-0863-4eaa-8051-a1dcf5e086f5,Etalab 2.0,https://www.data.gouv.fr/pages/legal/licences/etalab-2.0,
tdg-82909,FR,Fluo Grand Est,Navette de la CC Sel et Vermois,https://proxy.transport.data.gouv.fr/resource/fluo-sel-et-vermois-gtfs-rt-vehicle-position?token=xdgqKBTAzhw4DSPz6zeGc4c5eW0LhwztcGv4-vpzP4U,Etalab 2.0,https://www.data.gouv.fr/pages/legal/licences/etalab-2.0,
tdg-84058,FR,Grand Avignon,Réseau urbain Orizo,https://www.data.gouv.fr/api/1/datasets/r/74235bed-95fc-4fa8-ab25-bab7e3c6a6f1,Etalab 2.0,https://www.data.gouv.fr/pages/legal/licences/etalab-2.0,
tdg-83843,FR,Grand Bourg Agglomération,Réseau urbain Rubis,https://proxy.transport.data.gouv.fr/resource/rubis-bourg-en-bresse-gtfs-rt-vehicle-position?token=xdgqKBTAzhw4DSPz6zeGc4c5eW0LhwztcGv4-vpzP4U,Etalab 2.0,https://www.data.gouv.fr/pages/legal/licences/etalab-2.0,
tdg-81697,FR,Intercom Bernay Terres de Normandie,Réseau urbain l'Bus,https://www.data.gouv.fr/api/1/datasets/r/622b4abe-e029-4a6b-bd59-ef849e9b005f,Etalab 2.0,https://www.data.gouv.fr/pages/legal/licences/etalab-2.0,
tdg-83889,FR,J'ybus,Réseau urbain Jybus,https://proxy.transport.data.gouv.fr/resource/jybus-rumilly-gtfs-rt-vehicle-position?token=xdgqKBTAzhw4DSPz6zeGc4c5eW0LhwztcGv4-vpzP4U,Etalab 2.0,https://www.data.gouv.fr/pages/legal/licences/etalab-2.0,
tdg-83414,FR,JVMALIN,Réseau urbain Azalys,https://www.data.gouv.fr/api/1/datasets/r/7c58df8c-4c5b-4e2a-ad07-635345745db5,ODbL 1.0,https://opendatacommons.org/licenses/odbl/1.0/,
tdg-83868,FR,JVMALIN,Réseau urbain Linead,https://www.data.gouv.fr/api/1/datasets/r/cf98048e-7419-46ec-a1e3-36a34e1e11a9,ODbL 1.0,https://opendatacommons.org/licenses/odbl/1.0/,
tdg-81420,FR,Keolis Menton Riviera,Réseau urbain Zest,https://proxy.transport.data.gouv.fr/resource/zest-menton-riviera-gtfs-rt-vehicle-position?token=xdgqKBTAzhw4DSPz6zeGc4c5eW0LhwztcGv4-vpzP4U,Etalab 2.0,https://www.data.gouv.fr/pages/legal/licences/etalab-2.0,
tdg-82578,FR,Keolis RIOM,Réseau urbain RLV Mobilités,https://proxy.transport.data.gouv.fr/resource/riom-rlv-mobilites-gtfs-rt-vehicle-position?token=xdgqKBTAzhw4DSPz6zeGc4c5eW0LhwztcGv4-vpzP4U,Etalab 2.0,https://www.data.gouv.fr/pages/legal/licences/etalab-2.0,
tdg-83743,FR,Le Grand Narbonne Communauté d'Agglomération,Réseau urbain Citibus,https://www.data.gouv.fr/api/1/datasets/r/1fc16ad0-4aef-402d-9faa-da04ddd61fd2,Etalab 2.0,https://www.data.gouv.fr/pages/legal/licences/etalab-2.0,
tdg-15449,FR,Lulu en Bus (Ex. Lunéo),Réseau urbain Lunéo,https://www.data.gouv.fr/api/1/datasets/r/0e17b681-e017-46e2-a792-b3b6ead2c06c,ODbL 1.0,https://opendatacommons.org/licenses/odbl/1.0/,
tdg-84080,FR,Martinique Transport,Réseau urbain de la zone Sud (CAESM),https://www.data.gouv.fr/api/1/datasets/r/092ad091-b0c1-4094-9897-198a3c78faa7,Etalab 2.0,https://www.data.gouv.fr/pages/legal/licences/etalab-2.0,
tdg-84081,FR,Martinique Transport,Réseau urbain de la zone Centre (CACEM),https://www.data.gouv.fr/api/1/datasets/r/6cfa1c1c-43ef-4b55-9cae-b106180eefdb,Etalab 2.0,https://www.data.gouv.fr/pages/legal/licences/etalab-2.0,
tdg-84015,FR,Montluçon Communauté,Réseau urbain Maelis,https://proxy.transport.data.gouv.fr/resource/maelis-montlucon-gtfs-rt-vehicle-position?token=xdgqKBTAzhw4DSPz6zeGc4c5eW0LhwztcGv4-vpzP4U,ODbL 1.0,https://opendatacommons.org/licenses/odbl/1.0/,
tdg-81755,FR,Montpellier Méditerranée Métropole,Réseau urbain TaM,https://www.data.gouv.fr/api/1/datasets/r/c44bc589-b954-4a8c-918d-bc555938b6ea,ODbL 1.0,https://opendatacommons.org/licenses/odbl/1.0/,
tdg-83780,FR,Montpellier Méditerranée Métropole,Réseau urbain TaM,https://www.data.gouv.fr/api/1/datasets/r/f8bbdcd9-0a6c-4786-ab15-08b70cad47c7,ODbL 1.0,https://opendatacommons.org/licenses/odbl/1.0/,
tdg-83538,FR,Montélibus,Réseau urbain Montelibus,https://proxy.transport.data.gouv.fr/resource/montelibus-montelimar-gtfs-rt-vehicle-position?token=xdgqKBTAzhw4DSPz6zeGc4c5eW0LhwztcGv4-vpzP4U,Etalab 2.0,https://www.data.gouv.fr/pages/legal/licences/etalab-2.0,
tdg-83319,FR,Métropole Nice Côte d'Azur,Réseau urbain Lignes d'Azur,https://www.data.gouv.fr/api/1/datasets/r/5f571595-aef1-480f-acde-b9315d9f5f3b,Etalab 2.0,https://www.data.gouv.fr/pages/legal/licences/etalab-2.0,
tdg-83297,FR,Métropole Rouen Normandie,Réseau urbain Astuce,https://www.data.gouv.fr/api/1/datasets/r/0da9db94-d181-47b7-ae6f-cafe68014c4f,Etalab 2.0,https://www.data.gouv.fr/pages/legal/licences/etalab-2.0,
tdg-83298,FR,Métropole Rouen Normandie,Réseau urbain Astuce,https://www.data.gouv.fr/api/1/datasets/r/e28a981d-7f5f-4bd8-a4c1-e74a822f13f8,Etalab 2.0,https://www.data.gouv.fr/pages/legal/licences/etalab-2.0,
tdg-82677,FR,Métropole Rouen Normandie,Réseau urbain Astuce,https://www.data.gouv.fr/api/1/datasets/r/f5127667-1005-4515-b8d9-a2169ee83097,Etalab 2.0,https://www.data.gouv.fr/pages/legal/licences/etalab-2.0,
tdg-82474,FR,Métropole Toulon Provence Méditerranée,Réseau urbain Mistral,https://www.data.gouv.fr/api/1/datasets/r/9fe8291c-2fb2-4f89-b578-282ba05dd999,Etalab 2.0,https://www.data.gouv.fr/pages/legal/licences/etalab-2.0,
tdg-82549,FR,NEMUS (Réseau de transports de Flers Agglo),Réseau urbain Nemus,https://www.data.gouv.fr/api/1/datasets/r/eff8bfff-3d8d-4264-b443-f8aab1d94909,Etalab 2.0,https://www.data.gouv.fr/pages/legal/licences/etalab-2.0,
tdg-81140,FR,Oise Mobilité - Syndicat mixte des transports collectifs de l'Oise,Réseau interurbain et TAD zonal Corolis,https://www.data.gouv.fr/api/1/datasets/r/052ae731-ee66-45c0-97f4-bdd29f93cead,Etalab 2.0,https://www.data.gouv.fr/pages/legal/licences/etalab-2.0,
tdg-81306,FR,Oise Mobilité - Syndicat mixte des transports collectifs de l'Oise,Réseau urbain Lib'Bus,https://www.data.gouv.fr/api/1/datasets/r/189e343b-e3e4-4098-9652-49ef01612924,Etalab 2.0,https://www.data.gouv.fr/pages/legal/licences/etalab-2.0,
tdg-81044,FR,Oise Mobilité - Syndicat mixte des transports collectifs de l'Oise,Réseau urbain et interurbain Aire’MOB,https://www.data.gouv.fr/api/1/datasets/r/34d40ea1-4514-4280-9d9b-ad94e9991a3d,Etalab 2.0,https://www.data.gouv.fr/pages/legal/licences/etalab-2.0,
tdg-81324,FR,Oise Mobilité - Syndicat mixte des transports collectifs de l'Oise,Réseau urbain Sablons Bus,https://www.data.gouv.fr/api/1/datasets/r/52f94449-5af7-4553-bcc6-44fc417ebdd2,Etalab 2.0,https://www.data.gouv.fr/pages/legal/licences/etalab-2.0,
tdg-81126,FR,Oise Mobilité - Syndicat mixte des transports collectifs de l'Oise,Réseau urbain Corolis,https://www.data.gouv.fr/api/1/datasets/r/5b42006f-d97b-4f58-9edd-82fd9022efff,Etalab 2.0,https://www.data.gouv.fr/pages/legal/licences/etalab-2.0,
tdg-81300,FR,Oise Mobilité - Syndicat mixte des transports collectifs de l'Oise,Réseau urbain Le Bus,https://www.data.gouv.fr/api/1/datasets/r/64511de6-ed7b-4494-b049-49bf83772f1f,Etalab 2.0,https://www.data.gouv.fr/pages/legal/licences/etalab-2.0,
tdg-81036,FR,Oise Mobilité - Syndicat mixte des transports collectifs de l'Oise,Réseau urbain TOHM,https://www.data.gouv.fr/api/1/datasets/r/87ccbc7d-8793-4c56-8352-822bc40c9dcb,Etalab 2.0,https://www.data.gouv.fr/pages/legal/licences/etalab-2.0,
tdg-81134,FR,Oise Mobilité - Syndicat mixte des transports collectifs de l'Oise,Réseau urbain TIC,https://www.data.gouv.fr/api/1/datasets/r/8c90057e-c516-494b-9e08-67c6841876fe,Etalab 2.0,https://www.data.gouv.fr/pages/legal/licences/etalab-2.0,
tdg-81122,FR,Oise Mobilité - Syndicat mixte des transports collectifs de l'Oise,Réseau urbain AXO,https://www.data.gouv.fr/api/1/datasets/r/973e9d73-3ab8-4e47-9516-cb06b25737d8,Etalab 2.0,https://www.data.gouv.fr/pages/legal/licences/etalab-2.0,
tdg-81060,FR,Oise Mobilité - Syndicat mixte des transports collectifs de l'Oise,Réseau urbain Mobi,https://www.data.gouv.fr/api/1/datasets/r/a01c7604-5363-4ac1-83bc-b20acb1d9f86,Etalab 2.0,https://www.data.gouv.fr/pages/legal/licences/etalab-2.0,
tdg-83924,FR,Oise Mobilité - Syndicat mixte des transports collectifs de l'Oise,Réseau urbain et TAD zonal Libellule,https://www.data.gouv.fr/api/1/datasets/r/abe147f7-a064-43fe-be9e-6f35f5a9597f,ODbL 1.0,https://opendatacommons.org/licenses/odbl/1.0/,
tdg-81150,FR,Oise Mobilité - Syndicat mixte des transports collectifs de l'Oise,Réseau interurbain TIC,https://www.data.gouv.fr/api/1/datasets/r/e6917aac-3de0-456f-8296-385ab4954c9b,Etalab 2.0,https://www.data.gouv.fr/pages/legal/licences/etalab-2.0,
tdg-81312,FR,Oise Mobilité - Syndicat mixte des transports collectifs de l'Oise,Réseau urbain PassThelle Bus,https://www.data.gouv.fr/api/1/datasets/r/f360bd88-af15-4fa0-87f2-b83f9b1e5ffc,Etalab 2.0,https://www.data.gouv.fr/pages/legal/licences/etalab-2.0,
tdg-80184,FR,Palmbus,Réseau urbain Palmbus,https://proxy.transport.data.gouv.fr/resource/palmbus-cannes-gtfs-rt-vehicle-position?token=xdgqKBTAzhw4DSPz6zeGc4c5eW0LhwztcGv4-vpzP4U,Etalab 2.0,https://www.data.gouv.fr/pages/legal/licences/etalab-2.0,
tdg-83748,FR,Quimper Bretagne Occidentale,Réseau urbain Qub,https://www.data.gouv.fr/api/1/datasets/r/6b7622db-c941-4d85-9856-c0315ddb78e1,ODbL 1.0,https://opendatacommons.org/licenses/odbl/1.0/,
tdg-84069,FR,Régie de transport Communauté de communes Spelunca-Liamone,Réseau urbain U Vagabondu,https://www.data.gouv.fr/api/1/datasets/r/c854a422-f68a-469b-af72-b35c2d4dc84c,Etalab 2.0,https://www.data.gouv.fr/pages/legal/licences/etalab-2.0,
tdg-80723,FR,Région des Pays de la Loire,Réseau interurbain Aléop - Pays de la Loire,https://proxy.transport.data.gouv.fr/resource/aleop-pdl-gtfs-rt-vehicle-position?token=xdgqKBTAzhw4DSPz6zeGc4c5eW0LhwztcGv4-vpzP4U,Etalab 2.0,https://www.data.gouv.fr/pages/legal/licences/etalab-2.0,
tdg-84094,FR,Région Occitanie / Pyrénées Méditerranée,Réseau interurbain liO Occitanie,https://www.data.gouv.fr/api/1/datasets/r/3a40f4e7-3068-43d2-9cd1-7b33cb0c2fe5,ODbL 1.0,https://opendatacommons.org/licenses/odbl/1.0/,
tdg-36515,FR,Région Réunion,Réseau interurbain Cars Jaunes,https://www.data.gouv.fr/api/1/datasets/r/c0a17be1-e89a-48a3-aca1-d8eb8e89a55e,Etalab 2.0,https://www.data.gouv.fr/pages/legal/licences/etalab-2.0,
tdg-82783,FR,Réseau beeMob - Transports en commun de l'Agglomération Béziers Méditerranée,Réseau urbain beeMob,https://www.data.gouv.fr/api/1/datasets/r/ed8b8b27-96bd-4e46-b6c7-56b27fd0eb14,ODbL 1.0,https://opendatacommons.org/licenses/odbl/1.0/,
tdg-81967,FR,Réseau CARSUD,Réseau urbain CarSud,https://www.data.gouv.fr/api/1/datasets/r/146fe36f-16c5-44bc-ac1a-06c0fedcc4dd,Etalab 2.0,https://www.data.gouv.fr/pages/legal/licences/etalab-2.0,
tdg-82896,FR,Réseau de transport en commun Le Havre Seine Métropole LiA,Réseau urbain LiA,https://www.data.gouv.fr/api/1/datasets/r/b12cc05c-940d-4f43-b607-163f4632814e,ODbL 1.0,https://opendatacommons.org/licenses/odbl/1.0/,
tdg-84038,FR,Réseau de transport en commun Le Havre Seine Métropole LiA,Réseau urbain LiA,https://www.data.gouv.fr/api/1/datasets/r/d499d5a2-8bba-4862-847a-0423f7d8cf23,ODbL 1.0,https://opendatacommons.org/licenses/odbl/1.0/,
tdg-81335,FR,Réseau moova - Communauté d'Agglomération de Vesoul,Réseau urbain moova,https://proxy.transport.data.gouv.fr/resource/moova-vesoul-gtfs-rt-vehicle-position?token=xdgqKBTAzhw4DSPz6zeGc4c5eW0LhwztcGv4-vpzP4U,Etalab 2.0,https://www.data.gouv.fr/pages/legal/licences/etalab-2.0,
mdb-1841,FR,Réseau urbain Cap Cotentin,,https://pysae.com/api/v2/groups/transdev-cotentin/gtfs-rt,Etalab 2.0,https://www.etalab.gouv.fr/wp-content/uploads/2017/04/ETALAB-Licence-Ouverte-v2.0.pdf,
tdg-82889,FR,SETRAM,Réseau urbain SETRAM,https://proxy.transport.data.gouv.fr/resource/setram-lemans-gtfs-rt-vehicle-position?token=xdgqKBTAzhw4DSPz6zeGc4c5eW0LhwztcGv4-vpzP4U,Etalab 2.0,https://www.data.gouv.fr/pages/legal/licences/etalab-2.0,
tdg-84088,FR,SPL D'UN POINT A L'AUTRE,Réseau urbain LISATIS,https://www.data.gouv.fr/api/1/datasets/r/eb530fc3-b08f-42a2-a669-0eeeeecee32d,Etalab 2.0,https://www.data.gouv.fr/pages/legal/licences/etalab-2.0,
tdg-82163,FR,STAR,Réseau urbain STAR,https://proxy.transport.data.gouv.fr/resource/star-rennes-integration-gtfs-rt-vehicle-position?token=xdgqKBTAzhw4DSPz6zeGc4c5eW0LhwztcGv4-vpzP4U,ODbL 1.0,https://opendatacommons.org/licenses/odbl/1.0/,
tdg-82278,FR,Syndicat Intercommunal des Transports urbains de l’Agglomération du Calaisis,Réseau urbain SITAC,https://www.data.gouv.fr/api/1/datasets/r/a6086d6b-049b-4fe8-b52a-4bdcf863db83,Etalab 2.0,https://www.data.gouv.fr/pages/legal/licences/etalab-2.0,
tdg-82142,FR,Syndicat mixte Atoumod,Réseau urbain Astrobus,https://proxy.transport.data.gouv.fr/resource/astrobus-lisieux-gtfs-rt-vehicle-position?token=xdgqKBTAzhw4DSPz6zeGc4c5eW0LhwztcGv4-vpzP4U,Etalab 2.0,https://www.data.gouv.fr/pages/legal/licences/etalab-2.0,
tdg-82296,FR,Syndicat mixte Atoumod,Agrégat des réseaux urbains et interurbains de Normandie,https://proxy.transport.data.gouv.fr/resource/atoumod-gtfs-rt-vehicle-position?token=xdgqKBTAzhw4DSPz6zeGc4c5eW0LhwztcGv4-vpzP4U,Etalab 2.0,https://www.data.gouv.fr/pages/legal/licences/etalab-2.0,
tdg-83392,FR,Syndicat mixte Atoumod,Réseau urbain DeepMob,https://proxy.transport.data.gouv.fr/resource/deepmob-dieppe-gtfs-rt-vehicle-position?token=xdgqKBTAzhw4DSPz6zeGc4c5eW0LhwztcGv4-vpzP4U,Etalab 2.0,https://www.data.gouv.fr/pages/legal/licences/etalab-2.0,
tdg-83838,FR,Syndicat mixte Atoumod,Réseau urbain Ficibus,https://proxy.transport.data.gouv.fr/resource/ficibus-fecamp-gtfs-rt-vehicle-position?token=xdgqKBTAzhw4DSPz6zeGc4c5eW0LhwztcGv4-vpzP4U,Etalab 2.0,https://www.data.gouv.fr/pages/legal/licences/etalab-2.0,
tdg-81290,FR,Syndicat mixte Atoumod,Navette estivale SNGO! Giverny Vernon - Gare SNCF,https://proxy.transport.data.gouv.fr/resource/giverny-vernon-gtfs-rt?token=xdgqKBTAzhw4DSPz6zeGc4c5eW0LhwztcGv4-vpzP4U,Etalab 2.0,https://www.data.gouv.fr/pages/legal/licences/etalab-2.0,
tdg-82713,FR,Syndicat mixte Atoumod,Réseau urbain Hobus,https://proxy.transport.data.gouv.fr/resource/hobus-honfleur-gtfs-rt-vehicle-position?token=xdgqKBTAzhw4DSPz6zeGc4c5eW0LhwztcGv4-vpzP4U,Etalab 2.0,https://www.data.gouv.fr/pages/legal/licences/etalab-2.0,
tdg-82632,FR,Syndicat mixte Atoumod,Réseau urbain MOCA,https://proxy.transport.data.gouv.fr/resource/moca-caux-austreberthe-gtfs-rt-vehicle-position?token=xdgqKBTAzhw4DSPz6zeGc4c5eW0LhwztcGv4-vpzP4U,Etalab 2.0,https://www.data.gouv.fr/pages/legal/licences/etalab-2.0,
tdg-82630,FR,Syndicat mixte Atoumod,Réseau urbain MOCA,https://proxy.transport.data.gouv.fr/resource/moca-caux-austreberthe-gtfs-rt?token=xdgqKBTAzhw4DSPz6zeGc4c5eW0LhwztcGv4-vpzP4U,Etalab 2.0,https://www.data.gouv.fr/pages/legal/licences/etalab-2.0,
tdg-82723,FR,Syndicat mixte Atoumod,Réseau urbain Néva,https://proxy.transport.data.gouv.fr/resource/neva-granville-gtfs-rt-vehicle-position?token=xdgqKBTAzhw4DSPz6zeGc4c5eW0LhwztcGv4-vpzP4U,Etalab 2.0,https://www.data.gouv.fr/pages/legal/licences/etalab-2.0,
tdg-83285,FR,Syndicat mixte Atoumod,Réseau urbain et scolaire SEMO,https://proxy.transport.data.gouv.fr/resource/seine-eure-semo-gtfs-rt-vehicle-position?token=xdgqKBTAzhw4DSPz6zeGc4c5eW0LhwztcGv4-vpzP4U,Etalab 2.0,https://www.data.gouv.fr/pages/legal/licences/etalab-2.0,
tdg-83078,FR,Syndicat mixte Atoumod,Réseau urbain SNgo!,https://proxy.transport.data.gouv.fr/resource/sngo-vernon-gtfs-rt-vehicle-position?token=xdgqKBTAzhw4DSPz6zeGc4c5eW0LhwztcGv4-vpzP4U,Etalab 2.0,https://www.data.gouv.fr/pages/legal/licences/etalab-2.0,
tdg-82731,FR,Syndicat mixte Atoumod,Réseau urbain Transurbain,https://proxy.transport.data.gouv.fr/resource/transurbain-evreux-gtfs-rt-vehicle-position?token=xdgqKBTAzhw4DSPz6zeGc4c5eW0LhwztcGv4-vpzP4U,Etalab 2.0,https://www.data.gouv.fr/pages/legal/licences/etalab-2.0,
tdg-83150,FR,Syndicat mixte Atoumod,Réseau urbain Vikibus,https://proxy.transport.data.gouv.fr/resource/vikibus-yvetot-gtfs-rt-vehicle-position?token=xdgqKBTAzhw4DSPz6zeGc4c5eW0LhwztcGv4-vpzP4U,Etalab 2.0,https://www.data.gouv.fr/pages/legal/licences/etalab-2.0,
tdg-83523,FR,Syndicat mixte Atoumod,Réseau urbain Ficibus,https://www.data.gouv.fr/api/1/datasets/r/fd40ae51-b748-4065-a341-24e888919b11,Etalab 2.0,https://www.data.gouv.fr/pages/legal/licences/etalab-2.0,
tdg-83331,FR,Syndicat Mixte du Bassin d'Alès - Réseau Ales'Y,Réseau urbain Alesy,https://www.data.gouv.fr/api/1/datasets/r/5a854ccb-ef82-4b04-8a35-a26c89bd69d6,ODbL 1.0,https://opendatacommons.org/licenses/odbl/1.0/,
tdg-81579,FR,Sète Agglopole Méditerranée,Réseau urbain Sète Agglopole Mobilité,https://www.data.gouv.fr/api/1/datasets/r/b4b32f6f-26c8-4f4e-8253-5ce4d0462392,Etalab 2.0,https://www.data.gouv.fr/pages/legal/licences/etalab-2.0,
tdg-84050,FR,TADAO,Réseau urbain TADAO,https://www.data.gouv.fr/api/1/datasets/r/c4563dcc-f547-489a-b63a-efb4dbb37262,ODbL 1.0,https://opendatacommons.org/licenses/odbl/1.0/,
tdg-84125,FR,Tango,Réseau urbain Tango,https://www.data.gouv.fr/api/1/datasets/r/78b3c0a0-6e4f-443d-88f1-325e534f67e6,Etalab 2.0,https://www.data.gouv.fr/pages/legal/licences/etalab-2.0,
tdg-80732,FR,Tango,Réseau urbain Tango,https://www.data.gouv.fr/api/1/datasets/r/ee857dd3-ef88-4d71-ba0a-31ac996a2ba2,Etalab 2.0,https://www.data.gouv.fr/pages/legal/licences/etalab-2.0,
mdb-3466,FR,Tango Bus,,http://185.220.72.38:8085/ProfilGtfsRt2_0RSProducer-TANGO/VehiclePosition.pb,Etalab 2.0,https://www.data.gouv.fr/pages/legal/licences/etalab-2.0,
tdg-81543,FR,TCAT - Transports en Commun de l'Agglomération Troyenne,Réseau urbain TCAT,https://www.data.gouv.fr/api/1/datasets/r/98230d13-cccb-4c27-b0bc-d1b9341ca77b,ODbL 1.0,https://opendatacommons.org/licenses/odbl/1.0/,
tdg-81953,FR,Tempo Bus,Réseau urbain Tempo Bus,https://www.data.gouv.fr/api/1/datasets/r/37b144db-2013-49ff-9a24-b8396f19655d,Etalab 2.0,https://www.data.gouv.fr/pages/legal/licences/etalab-2.0,
tdg-81998,FR,TLP Mobilités,Réseau urbain TLP,https://www.data.gouv.fr/api/1/datasets/r/38611abb-fb76-4072-8be9-514fdbc4b13a,Etalab 2.0,https://www.data.gouv.fr/pages/legal/licences/etalab-2.0,
tdg-80699,FR,Tours Métropole Val de Loire,Réseau urbain et périurbain Fil Bleu,https://www.data.gouv.fr/api/1/datasets/r/02c21efd-d73c-43b5-b653-dc1048e0da94,Etalab 2.0,https://www.data.gouv.fr/pages/legal/licences/etalab-2.0,
tdg-81017,FR,Tout'enbus,Réseau urbain Tout'enbus,https://www.data.gouv.fr/api/1/datasets/r/af576ebf-d3a4-4a0f-b692-8ee580cb1877,Etalab 2.0,https://www.data.gouv.fr/pages/legal/licences/etalab-2.0,
tdg-83764,FR,Transdev CapAtlantique Mobilités • Lila Presqu'île,Réseau urbain et scolaire Lila Presqu'ile,https://proxy.transport.data.gouv.fr/resource/lila-presquile-cap-atlantique-gtfs-rt-vehicle-position?token=xdgqKBTAzhw4DSPz6zeGc4c5eW0LhwztcGv4-vpzP4U,ODbL 1.0,https://opendatacommons.org/licenses/odbl/1.0/,
tdg-83766,FR,Transdev CapAtlantique Mobilités • Lila Presqu'île,Réseau urbain et scolaire Lila Presqu'ile,https://proxy.transport.data.gouv.fr/resource/lila-presquile-cap-atlantique-gtfs-rt?token=xdgqKBTAzhw4DSPz6zeGc4c5eW0LhwztcGv4-vpzP4U,ODbL 1.0,https://opendatacommons.org/licenses/odbl/1.0/,
tdg-84067,FR,Transdev Chamonix,Réseau urbain Chamonix,https://www.data.gouv.fr/api/1/datasets/r/c447183d-c831-42f6-b85f-5789978398d8,Etalab 2.0,https://www.data.gouv.fr/pages/legal/licences/etalab-2.0,
tdg-79742,FR,Transdev Fougères • SURF,Réseau urbain SURF,https://proxy.transport.data.gouv.fr/resource/surf-fougeres-gtfs-rt-vehicle-position?token=xdgqKBTAzhw4DSPz6zeGc4c5eW0LhwztcGv4-vpzP4U,ODbL 1.0,https://opendatacommons.org/licenses/odbl/1.0/,
tdg-82095,FR,Transdev GMVA Mobilités • Kicéo,Réseau urbain Kicéo,https://proxy.transport.data.gouv.fr/resource/kiceo-vannes-gtfs-rt-vehicle-position?token=xdgqKBTAzhw4DSPz6zeGc4c5eW0LhwztcGv4-vpzP4U,Etalab 2.0,https://www.data.gouv.fr/pages/legal/licences/etalab-2.0,
tdg-84047,FR,Transdev GMVA Mobilités • Kicéo,Réseau urbain Kicéo,https://proxy.transport.data.gouv.fr/resource/kiceo-vannes-gtfs-rt?token=xdgqKBTAzhw4DSPz6zeGc4c5eW0LhwztcGv4-vpzP4U,Etalab 2.0,https://www.data.gouv.fr/pages/legal/licences/etalab-2.0,
tdg-83796,FR,Transdev SMA Mobilités • MAT,Réseau urbain MAT,https://proxy.transport.data.gouv.fr/resource/mat-st-malo-gtfs-rt?token=xdgqKBTAzhw4DSPz6zeGc4c5eW0LhwztcGv4-vpzP4U,Etalab 2.0,https://www.data.gouv.fr/pages/legal/licences/etalab-2.0,
tdg-82875,FR,Transdev Var,Réseau urbain Le TACO,https://www.data.gouv.fr/api/1/datasets/r/807dd36f-5813-487a-b410-20032bfbe3ad,Etalab 2.0,https://www.data.gouv.fr/pages/legal/licences/etalab-2.0,
tdg-82186,FR,Transdev Vierzon Mobilités • Le Vib,Réseau urbain Le Vib',https://proxy.transport.data.gouv.fr/resource/le-vib-vierzon-gtfs-rt-vehicle-position?token=xdgqKBTAzhw4DSPz6zeGc4c5eW0LhwztcGv4-vpzP4U,ODbL 1.0,https://opendatacommons.org/licenses/odbl/1.0/,
tdg-81256,FR,Transdev • Bretagne,Réseau urbain PondiBUS,https://www.data.gouv.fr/api/1/datasets/r/365ca136-0b94-4c28-9931-a812e792e108,ODbL 1.0,https://opendatacommons.org/licenses/odbl/1.0/,
tdg-82596,FR,Transdev • Bretagne,Réseau urbain Distribus,https://www.data.gouv.fr/api/1/datasets/r/b2bccdd8-ac63-4092-bed5-9431fb38bb5b,ODbL 1.0,https://opendatacommons.org/licenses/odbl/1.0/,
tdg-40392,FR,Transdev • Centre-Val de Loire,Réseau urbain Nosbus,https://www.data.gouv.fr/api/1/datasets/r/8bd532f4-8813-4313-be7c-304b8f8f47a7,ODbL 1.0,https://opendatacommons.org/licenses/odbl/1.0/,
tdg-67153,FR,Transdev • Normandie,Réseau urbain REZO'BUS,https://www.data.gouv.fr/api/1/datasets/r/ea44be8d-36ef-4aac-b56f-98b78eb54382,ODbL 1.0,https://opendatacommons.org/licenses/odbl/1.0/,
tdg-52582,FR,Transdev • Pays de la Loire,Réseau urbain Réso,https://www.data.gouv.fr/api/1/datasets/r/0fbf9dc8-d2db-405d-ade4-fdd04a6f8272,ODbL 1.0,https://opendatacommons.org/licenses/odbl/1.0/,
tdg-80939,FR,Transdev • Pays de la Loire,Réseau urbain Illygo,https://www.data.gouv.fr/api/1/datasets/r/476d53cd-374b-41b7-b11a-a158cc9abfaa,ODbL 1.0,https://opendatacommons.org/licenses/odbl/1.0/,
tdg-38878,FR,Transdev • Pays de la Loire,Réseau urbain Brévibus,https://www.data.gouv.fr/api/1/datasets/r/dd56dfc5-85b6-43f9-8b1b-8eebd4cb2c2e,ODbL 1.0,https://opendatacommons.org/licenses/odbl/1.0/,
tdg-81925,FR,Transp'Or - Pays de l'Or Agglomération,Réseau urbain Transp’Or,https://proxy.transport.data.gouv.fr/resource/transpor-gtfs-rt-vehicle-position?token=xdgqKBTAzhw4DSPz6zeGc4c5eW0LhwztcGv4-vpzP4U,Etalab 2.0,https://www.data.gouv.fr/pages/legal/licences/etalab-2.0,
tdg-81988,FR,Transport du Grand Longwy,Réseau urbain TGL,https://proxy.transport.data.gouv.fr/resource/tgl-longwy-gtfs-rt-vehicle-position?token=xdgqKBTAzhw4DSPz6zeGc4c5eW0LhwztcGv4-vpzP4U,Etalab 2.0,https://www.data.gouv.fr/pages/legal/licences/etalab-2.0,
mdb-2625,FR,Transports Bordeaux Métropole (TBM),,https://bdx.mecatran.com/utw/ws/gtfsfeed/vehicles/bordeaux?apiKey=opendata-bordeaux-metropole-flux-gtfs-rt,operator terms,https://transport.data.gouv.fr/datasets/offres-de-services-bus-tram-et-scolaire-au-format-gtfs-gtfs-rt-siri-lite-1,
mdb-2631,FR,Transports en Commun de l’Agglomération Troyenne (TCAT),,http://94.143.218.42:13485/ProfilGtfsRt2_0RSProducer-TCAT/VehiclePosition.pb,operator terms,https://transport.data.gouv.fr/datasets/offres-de-services-bus-tram-et-scolaire-au-format-gtfs-gtfs-rt-siri-lite-1,
tdg-83118,FR,Valence Romans Mobilités,Réseau urbain Citéa,https://proxy.transport.data.gouv.fr/resource/citea-valence-gtfs-rt-vehicle-position?token=xdgqKBTAzhw4DSPz6zeGc4c5eW0LhwztcGv4-vpzP4U,Etalab 2.0,https://www.data.gouv.fr/pages/legal/licences/etalab-2.0,
tdg-52918,FR,Vienne Condrieu Agglomération,Réseau urbain L'va,https://www.data.gouv.fr/api/1/datasets/r/4e87a135-b46e-46b3-8aaa-0233ec3c242a,ODbL 1.0,https://opendatacommons.org/licenses/odbl/1.0/,
tdg-25678,FR,Zenbus,Réseau urbain Figeac - Le Bus,https://www.data.gouv.fr/api/1/datasets/r/0057d63f-cf69-4d67-8c44-3c546ec7d403,ODbL 1.0,https://opendatacommons.org/licenses/odbl/1.0/,
tdg-12617,FR,Zenbus,Navettes saisonnières Valmobus,https://www.data.gouv.fr/api/1/datasets/r/136b953f-2b70-4c01-85ef-eb71169d0656,ODbL 1.0,https://opendatacommons.org/licenses/odbl/1.0/,
tdg-79993,FR,Zenbus,Réseau urbain Sarlat Bus,https://www.data.gouv.fr/api/1/datasets/r/1bffdcb5-1839-4725-90da-ca69d1ee05e6,ODbL 1.0,https://opendatacommons.org/licenses/odbl/1.0/,
tdg-10231,FR,Zenbus,Navette Aéroport de Bordeaux,https://www.data.gouv.fr/api/1/datasets/r/372463bd-d7b4-4668-a9b5-bd71a28f389d,ODbL 1.0,https://opendatacommons.org/licenses/odbl/1.0/,
tdg-12600,FR,Zenbus,Réseau urbain Buss,https://www.data.gouv.fr/api/1/datasets/r/47aa1c93-4868-47da-ae43-e2fcbce3575f,ODbL 1.0,https://opendatacommons.org/licenses/odbl/1.0/,
tdg-12609,FR,Zenbus,Réseau urbain May'bus,https://www.data.gouv.fr/api/1/datasets/r/6a1ef3cc-13cc-4770-a347-f183dc6accd6,ODbL 1.0,https://opendatacommons.org/licenses/odbl/1.0/,
tdg-8202,FR,Zenbus,Réseau urbain Titus,https://www.data.gouv.fr/api/1/datasets/r/7dd97f96-2fb2-4647-8498-ef234ed0faaa,ODbL 1.0,https://opendatacommons.org/licenses/odbl/1.0/,
tdg-8598,FR,Zenbus,Réseau urbain RespiRé,https://www.data.gouv.fr/api/1/datasets/r/89a81efd-a8f4-4558-9988-9e7c56ab15fe,ODbL 1.0,https://opendatacommons.org/licenses/odbl/1.0/,
tdg-78388,FR,Zenbus,Navettes hivernales de l'Alpe d'Huez,https://www.data.gouv.fr/api/1/datasets/r/8b8b8c8b-58a7-4c9e-97da-8c21d10ecb54,ODbL 1.0,https://opendatacommons.org/licenses/odbl/1.0/,
tdg-8488,FR,Zenbus,Réseau urbain TUM,https://www.data.gouv.fr/api/1/datasets/r/9b9013ec-4cbb-4f18-b44a-1e94088320a8,ODbL 1.0,https://opendatacommons.org/licenses/odbl/1.0/,
tdg-79015,FR,Zenbus,Réseau urbain Ritmo,https://www.data.gouv.fr/api/1/datasets/r/ae8b5fd2-283a-462c-aa34-27e02f6fc4a5,ODbL 1.0,https://opendatacommons.org/licenses/odbl/1.0/,
tdg-34266,FR,Zenbus,Réseau urbain La Navette Oloron Sainte-Marie,https://www.data.gouv.fr/api/1/datasets/r/afee6b6e-2c3f-4317-9d0a-d70540acf8d8,ODbL 1.0,https://opendatacommons.org/licenses/odbl/1.0/,
tdg-8118,FR,Zenbus,Réseau urbain Alliance,https://www.data.gouv.fr/api/1/datasets/r/ee7325a5-172f-430e-afe7-4072e0cf1321,ODbL 1.0,https://opendatacommons.org/licenses/odbl/1.0/,
mdb-3424,IT,Azienda del Consorzio Trasporti Veneziano (ACTV) Automobilistico,,https://tpl.actv.it/aut/GTFSRT/vehiclePositions,operator terms,https://actv.avmspa.it/it/content/catalogo-dei-dati-metadati-e-banche-dati-actv,
mdb-3422,IT,Azienda del Consorzio Trasporti Veneziano (ACTV) Navigazione,,https://tpl.actv.it/nav/GTFSRT/vehiclePositions,operator terms,https://actv.avmspa.it/it/content/catalogo-dei-dati-metadati-e-banche-dati-actv,
mdb-3387,IT,Cotral - BusOne,,https://proxy.busone.app/cotral/gtfs-rt/vehicle-positions.pb,operator terms,https://proxy.busone.app/cotral/readme,
jbda-manyosen-manyosen-vp,JP,万葉線,万葉線,https://gtfs-rt-files.buscatch.jp/toyama/manyo_line/VehiclePositions.pb,CC0 1.0,https://creativecommons.org/publicdomain/zero/1.0/deed.ja,
jbda-mie-kotsu-sancoiga-vp,JP,三重交通,伊賀営業所,https://bus-vision.jp/realtime/iga_vpos_update_v2.bin,CC-BY 4.0,https://creativecommons.org/licenses/by/4.0/deed.ja,
jbda-mie-kotsu-sancoise-vp,JP,三重交通,伊勢営業所,https://bus-vision.jp/realtime/ise_vpos_update_v2.bin,CC-BY 4.0,https://creativecommons.org/licenses/by/4.0/deed.ja,
jbda-mie-kotsu-sancokuwana-vp,JP,三重交通,桑名営業所,https://bus-vision.jp/realtime/kuwana_vpos_update_v2.bin,CC-BY 4.0,https://creativecommons.org/licenses/by/4.0/deed.ja,
jbda-mie-kotsu-sancomatsusaka-vp,JP,三重交通,松阪営業所,https://bus-vision.jp/realtime/matsusaka_vpos_update_v2.bin,CC-BY 4.0,https://creativecommons.org/licenses/by/4.0/deed.ja,
jbda-mie-kotsu-sancoshima-vp,JP,三重交通,志摩営業所,https://bus-vision.jp/realtime/shima_vpos_update_v2.bin,CC-BY 4.0,https://creativecommons.org/licenses/by/4.0/deed.ja,
jbda-mie-kotsu-sancoyokkaichi-vp,JP,三重交通,四日市営業所,https://bus-vision.jp/realtime/yokkaichi_vpos_update_v2.bin,CC-BY 4.0,https://creativecommons.org/licenses/by/4.0/deed.ja,
odpt-JoshinHire-AllLines-vp,JP,上信ハイヤー株式会社,上信ハイヤー株式会社,https://api-public.odpt.org/api/v4/gtfs/realtime/odpt_JoshinHire_AllLines_vehicle,CC-BY 4.0,https://creativecommons.org/licenses/by/4.0/,
jbda-kamiichitown-kamiichi-vp,JP,上市町,上市町営バス,https://gtfs-rt-files.buscatch.jp/toyama/kamiichi-town/VehiclePositions.pb,CC0 1.0,https://creativecommons.org/publicdomain/zero/1.0/deed.ja,
jbda-keisei-transitbus-keiseitransitbus-vp,JP,京成バス千葉ウエスト株式会社,京成バス千葉ウエスト　塩浜営業所（市川市コミュニティバス　南部ルート　わくわくバス含む）,https://s3-ajt-mobusta-gtfs.s3.ap-northeast-1.amazonaws.com/realtime/35/vehicle_position.bin,CC-BY 4.0,https://creativecommons.org/licenses/by/4.0/deed.ja,
odpt-KeifukuBus-keifuku_rosen-vp,JP,京福バス株式会社,京福バス（路線バス）,https://api-public.odpt.org/api/v4/gtfs/realtime/odpt_KeifukuBus_keifuku_rosen_vehicle,CC-BY 4.0,https://creativecommons.org/licenses/by/4.0/,
odpt-SendaiMunicipal-bus_realtime_information-vp,JP,仙台市交通局,仙台市交通局　バス関連情報（GTFS-JP及びGTFSリアルタイム）,https://api-public.odpt.org/api/v4/gtfs/realtime/odpt_SendaiMunicipal_bus_realtime_information_vehicle,CC-BY 4.0,https://creativecommons.org/licenses/by/4.0/,
jbda-isecity-communitybus-vp,JP,伊勢市,伊勢市コミュニティバス「おかげバス」,https://bus-vision.jp/realtime/iseshi_vpos_update_v2.bin,CC-BY 4.0,https://creativecommons.org/licenses/by/4.0/deed.ja,
jbda-nyuzentown-noranmaicar-vp,JP,入善町,のらんマイ・カー,https://gtfs-rt-files.buscatch.jp/toyama/nyuzen_noran/VehiclePositions.pb,CC0 1.0,https://creativecommons.org/publicdomain/zero/1.0/deed.ja,
jbda-kaetsunou-kaetsunouippan-vp,JP,加越能バス,加越能バス（一般路線）,https://gtfs-rt-files.buscatch.jp/toyama/kaetsuno/VehiclePositions.pb,CC0 1.0,https://creativecommons.org/publicdomain/zero/1.0/deed.ja,
jbda-kaetsunou-kaetsunouhimi-vp,JP,加越能バス,加越能バス（氷見市街地周遊バス）,https://gtfs-rt-files.buscatch.jp/toyama/kaetsuno_himi/VehiclePositions.pb,CC0 1.0,https://creativecommons.org/publicdomain/zero/1.0/deed.ja,
jbda-kaetsunou-kaetsunousekaiisan-vp,JP,加越能バス,加越能バス（世界遺産バス）,https://gtfs-rt-files.buscatch.jp/toyama/kaetsuno_sekaiisan/VehiclePositions.pb,CC0 1.0,https://creativecommons.org/publicdomain/zero/1.0/deed.ja,
jbda-nantocity-nanbus-vp,JP,南砺市,南砺市営バス,https://gtfs-rt-files.buscatch.jp/toyama/nanto-city/VehiclePositions.pb,CC0 1.0,https://creativecommons.org/publicdomain/zero/1.0/deed.ja,
jbda-yanbaru-expressbus-yanbaru-express-bus-vp,JP,合同会社やんばる急行バス,やんばる急行バス,https://gtfs.yanbaru-bus-navi.com/gtfs-rt/yanbaru/vehicle_position.pb,CC-BY 4.0,https://creativecommons.org/licenses/by/4.0/deed.ja,
odpt-NagoyaHousingCityPlanningBureau-NagoyaSRT_AllLines-vp,JP,名古屋市住宅都市局,名古屋市　SRT,https://api-public.odpt.org/api/v4/gtfs/realtime/odpt_NagoyaHousingCityPlanningBureau_NagoyaSRT_AllLines_vehicle,CC-BY 4.0,https://creativecommons.org/licenses/by/4.0/,
odpt-TosaCity-AllLines-vp,JP,土佐市,土佐市ドラゴンバス,https://api-public.odpt.org/api/v4/gtfs/realtime/odpt_TosaCity_AllLines_vehicle,CC-BY 4.0,https://creativecommons.org/licenses/by/4.0/,
jbda-tsuchiuracity-tsuchimarubus-vp,JP,土浦市,つちまるバス,https://realtime.gtfs.info/tsuchiura/vehicle.pb,CC-BY 4.0,https://creativecommons.org/licenses/by/4.0/deed.ja,
jbda-chitetsu-chitetsubus-vp,JP,富山地方鉄道,富山地方鉄道バス,https://gtfs-rt-files.buscatch.jp/toyama/chitetsu/VehiclePositions.pb,CC0 1.0,https://creativecommons.org/publicdomain/zero/1.0/deed.ja,
jbda-chitetsu-chitetsushinaidensha-vp,JP,富山地方鉄道,富山地方鉄道市内電車,https://gtfs-rt-files.buscatch.jp/toyama/chitetsu_tram/VehiclePositions.pb,CC0 1.0,https://creativecommons.org/publicdomain/zero/1.0/deed.ja,
jbda-toyamacity-fuchucommunitybus-vp,JP,富山市,婦中コミュニティバス,https://gtfs-rt-files.buscatch.jp/toyama/toyama-city-fuchu/VehiclePositions.pb,CC0 1.0,https://creativecommons.org/publicdomain/zero/1.0/deed.ja,
jbda-toyamacity-horikawaminamicommunitybus-vp,JP,富山市,堀川南地域コミュニティバス,https://gtfs-rt-files.buscatch.jp/toyama/toyama-city-horikawaminami/VehiclePositions.pb,CC0 1.0,https://creativecommons.org/publicdomain/zero/1.0/deed.ja,
jbda-toyamacity-jojocommunitybus-vp,JP,富山市,上条コミバス,https://gtfs-rt-files.buscatch.jp/toyama/toyama-city-jojo/VehiclePositions.pb,CC0 1.0,https://creativecommons.org/publicdomain/zero/1.0/deed.ja,
jbda-toyamacity-kurehaikiikibus-vp,JP,富山市,呉羽いきいきバス,https://gtfs-rt-files.buscatch.jp/toyama/toyama-city-kureha/VehiclePositions.pb,CC0 1.0,https://creativecommons.org/publicdomain/zero/1.0/deed.ja,
jbda-toyamacity-maidohayabus-vp,JP,富山市,まいどはやバス,https://gtfs-rt-files.buscatch.jp/toyama/toyama-city-maidohaya/VehiclePositions.pb,CC0 1.0,https://creativecommons.org/publicdomain/zero/1.0/deed.ja,
jbda-toyamacity-mizuhashifureaicommunitybus-vp,JP,富山市,水橋ふれあいコミュニティバス,https://gtfs-rt-files.buscatch.jp/toyama/toyama-city-mizuhashi/VehiclePositions.pb,CC0 1.0,https://creativecommons.org/publicdomain/zero/1.0/deed.ja,
jbda-toyamacity-oyamacommunitybus-vp,JP,富山市,大山コミュニティバス,https://gtfs-rt-files.buscatch.jp/toyama/toyama-city-oyama/VehiclePositions.pb,CC0 1.0,https://creativecommons.org/publicdomain/zero/1.0/deed.ja,
jbda-toyamacity-yamadacommunitybus-vp,JP,富山市,山田コミュニティバス,https://gtfs-rt-files.buscatch.jp/toyama/toyama-city-yamada/VehiclePositions.pb,CC0 1.0,https://creativecommons.org/publicdomain/zero/1.0/deed.ja,
jbda-toyamacity-yatsuocommunitybus-vp,JP,富山市,八尾コミュニティバス,https://gtfs-rt-files.buscatch.jp/toyama/toyama-city-yatsuo/VehiclePositions.pb,CC0 1.0,https://creativecommons.org/publicdomain/zero/1.0/deed.ja,
jbda-toyama-asahitown-asahimachibus-vp,JP,富山県朝日町,あさひまちバス,https://gtfs-rt-files.buscatch.jp/toyama/asahimachi/VehiclePositions.pb,CC0 1.0,https://creativecommons.org/publicdomain/zero/1.0/deed.ja,
jbda-imizucity-imizushi-vp,JP,射水市,きときとバス,https://gtfs-rt-files.buscatch.jp/toyama/imizu-city/VehiclePositions.pb,CC0 1.0,https://creativecommons.org/publicdomain/zero/1.0/deed.ja,
jbda-oyabecity-oyabecitybus-vp,JP,小矢部市,小矢部市営バス,https://gtfs-rt-files.buscatch.jp/toyama/oyabe-city/VehiclePositions.pb,CC0 1.0,https://creativecommons.org/publicdomain/zero/1.0/deed.ja,
jbda-owariasahicity-communitybus-vp,JP,尾張旭市,尾張旭市あさぴー号,https://gtfs-rt-files.buscatch.jp/owariasahi-city/asapygo/VehiclePositions.pb,CC-BY 4.0,https://creativecommons.org/licenses/by/4.0/deed.ja,
jbda-tokonamecity-Gruun-vp,JP,常滑市,コミュニティバスグルーン,https://realtime.gtfs.info/gruun/vehicle.pb,CC0 1.0,https://creativecommons.org/publicdomain/zero/1.0/deed.ja,
odpt-NipponChuoBus-Maebashi_Area-vp,JP,日本中央バス株式会社,日本中央バス　全線 (2025.9/30までは奥多野線を除く),https://api-public.odpt.org/api/v4/gtfs/realtime/odpt_NipponChuoBus_Maebashi_Area_vehicle,CC-BY 4.0,https://creativecommons.org/licenses/by/4.0/,
jbda-takeyakoutu-takeyakotsu-vp,JP,株式会社タケヤ交通,株式会社タケヤ交通,https://realtime.gtfs.info/takeyakotsu/vehicle.pb,CC-BY 4.0,https://creativecommons.org/licenses/by/4.0/deed.ja,
odpt-JoshinKankoBus-AllLines-vp,JP,株式会社上信観光バス,株式会社上信観光バス　乗合事業課,https://api-public.odpt.org/api/v4/gtfs/realtime/odpt_JoshinKankoBus_AllLines_vehicle,CC-BY 4.0,https://creativecommons.org/licenses/by/4.0/,
odpt-GunmaBus-AllLines-vp,JP,株式会社群馬バス,株式会社群馬バス,https://api-public.odpt.org/api/v4/gtfs/realtime/odpt_GunmaBus_AllLines_vehicle,CC-BY 4.0,https://creativecommons.org/licenses/by/4.0/,
odpt-NagaiTransportation-AllLines-vp,JP,永井運輸株式会社,永井バス（永井運輸株式会社）,https://api-public.odpt.org/api/v4/gtfs/realtime/odpt_NagaiTransportation_AllLines_vehicle,CC-BY 4.0,https://creativecommons.org/licenses/by/4.0/,
jbda-nagai-unyu-Nagaibus-vp,JP,永井運輸株式会社,永井バス,https://nagai.nolbe.net/buslocation/VehiclePosition.pb,CC-BY 4.0,https://creativecommons.org/licenses/by/4.0/deed.ja,
odpt-KiyoseCity-KiyoBus-vp,JP,清瀬市,きよバス,https://api-public.odpt.org/api/v4/gtfs/realtime/odpt_KiyoseCity_KiyoBus_vehicle,CC-BY 4.0,https://creativecommons.org/licenses/by/4.0/,
jbda-namerikawacity-norumycar-vp,JP,滑川市,コミュニティバス「のるmycar」,https://gtfs-rt-files.buscatch.jp/toyama/namerikawa-city/VehiclePositions.pb,CC0 1.0,https://creativecommons.org/publicdomain/zero/1.0/deed.ja,
jbda-kuma-bus-kuma-bus-vp,JP,熊本バス,熊本バス,https://km.bus-vision.jp/realtime/kumabus_vpos_update.bin,CC-BY 4.0,https://creativecommons.org/licenses/by/4.0/deed.ja,
jbda-kumamoto-toshibus-kumamoto-toshibus-vp,JP,熊本都市バス,熊本都市バス,https://km.bus-vision.jp/realtime/toshibus_vpos_update.bin,CC-BY 4.0,https://creativecommons.org/licenses/by/4.0/deed.ja,
jbda-kumamotodentetsu-kumamotodentetsu-bus-vp,JP,熊本電鉄,熊本電鉄バス,https://km.bus-vision.jp/realtime/dentetsu_vpos_update.bin,CC-BY 4.0,https://creativecommons.org/licenses/by/4.0/deed.ja,
jbda-kumagayacity-yuuyuubus-vp,JP,熊谷市,熊谷市ゆうゆうバス,http://kumagaya.bus-go.com/GTFS-RT/encode_vehicle.php,CC-BY 4.0,https://creativecommons.org/licenses/by/4.0/deed.ja,
jbda-sankobus-sankobus-vp,JP,産交バス,産交バス,https://km.bus-vision.jp/realtime/sankobus_vpos_update.bin,CC-BY 4.0,https://creativecommons.org/licenses/by/4.0/deed.ja,
jbda-chitacity-chita-aiaibus-vp,JP,知多市,知多市コミュニティバス「あいあいバス」,https://realtime.gtfs.info/chita/vehicle.pb,CC-BY 4.0,https://creativecommons.org/licenses/by/4.0/deed.ja,
jbda-tonamicity-tonamishieibasu-vp,JP,砺波市,砺波市営バス,https://gtfs-rt-files.buscatch.jp/toyama/tonami-city/VehiclePositions.pb,CC0 1.0,https://creativecommons.org/publicdomain/zero/1.0/deed.ja,
jbda-tateyamatown-tateyama-vp,JP,立山町,立山町営バス,https://gtfs-rt-files.buscatch.jp/toyama/tateyama-town/VehiclePositions.pb,CC0 1.0,https://creativecommons.org/publicdomain/zero/1.0/deed.ja,
odpt-GunmachuoBus-AllLines-vp,JP,群馬中央バス株式会社,群馬中央バス株式会社,https://api-public.odpt.org/api/v4/gtfs/realtime/odpt_GunmachuoBus_AllLines_vehicle,CC-BY 4.0,https://creativecommons.org/licenses/by/4.0/,
jbda-komonotown-communitybus-vp,JP,菰野町,菰野町「かもしか号」,https://bus-vision.jp/realtime/komono_vpos_update_v2.bin,CC-BY 4.0,https://creativecommons.org/licenses/by/4.0/deed.ja,
odpt-Kan_etsuTransportation-AllLines-vp,JP,関越交通株式会社,関越交通バス,https://api-public.odpt.org/api/v4/gtfs/realtime/odpt_Kan_etsuTransportation_AllLines_vehicle,CC-BY 4.0,https://creativecommons.org/licenses/by/4.0/,
odpt-AomoriCity-AllLines-vp,JP,青森市企業局交通部,青森市営バス路線情報,https://api-public.odpt.org/api/v4/gtfs/realtime/odpt_AomoriCity_AllLines_vehicle,CC-BY 4.0,https://creativecommons.org/licenses/by/4.0/,
jbda-takaokacity-koueibus-vp,JP,高岡市,高岡市公営バス,https://gtfs-rt-files.buscatch.jp/toyama/takaoka-city/VehiclePositions.pb,CC0 1.0,https://creativecommons.org/publicdomain/zero/1.0/deed.ja,
jbda-uozucity-omotenashi-vp,JP,魚津市,おもてなし魚津直行便,https://gtfs-rt-files.buscatch.jp/toyama/uozu_omotenashi/VehiclePositions.pb,CC0 1.0,https://creativecommons.org/publicdomain/zero/1.0/deed.ja,
jbda-uozucity-junkai-vp,JP,魚津市,魚津市民バス,https://gtfs-rt-files.buscatch.jp/toyama/uozu_shimin/VehiclePositions.pb,CC0 1.0,https://creativecommons.org/publicdomain/zero/1.0/deed.ja,
jbda-kurobecity-ishida-aimoto-vp,JP,黒部市,石田・愛本,https://gtfs-rt-files.buscatch.jp/toyama/kurobe_city_bus/VehiclePositions.pb,CC0 1.0,https://creativecommons.org/publicdomain/zero/1.0/deed.ja,
jbda-kurobecity-shinkansenikujisen-vp,JP,黒部市,新幹線生地線,https://gtfs-rt-files.buscatch.jp/toyama/kurobe_shinkansen/VehiclePositions.pb,CC0 1.0,https://creativecommons.org/publicdomain/zero/1.0/deed.ja,
mdb-3489,LK,Lanka Metro Transit,LMT Metrobus Realtime (Vehicle Positions),https://api.transit.seyone.dev/api/v1/realtime/vehicle-positions,CC-BY 4.0,https://creativecommons.org/licenses/by/4.0/,
mdb-1646,NL,OVapi,Netherlands aggregate,http://gtfs.ovapi.nl/nl/vehiclePositions.pb,operator terms,https://old.datahub.io/dataset/gtfs-nl,
entur-national,NO,Entur,Norway national vehicle positions,https://api.entur.io/realtime/v1/gtfs-rt/vehicle-positions,NLOD 2.0,https://data.norge.no/nlod/en/,
mdb-3428,PL,PKS w Rzeszowie S.A.,,https://www.mpkrzeszow.pl/gtfs-pks/rt/gtfsrt.pb,operator terms,https://www.mpkrzeszow.pl/otwartedane/,
mdb-3429,PL,Rzeszowski Transport Miejski,,https://www.mpkrzeszow.pl/gtfs/rt/gtfsrt.pb,operator terms,https://www.mpkrzeszow.pl/otwartedane/,
mdb-1968,PL,Zarząd Dróg i Transportu Miejskiego (ZDiTM),,https://www.zditm.szczecin.pl/storage/gtfs/gtfs-rt-vehicles.pb,CC0 1.0,https://creativecommons.org/publicdomain/zero/1.0/,
mdb-2335,PL,Zarząd Transportu Miejskiego Poznań (ZTM Poznań),,https://www.ztm.poznan.pl/pl/dla-deweloperow/getGtfsRtFile/?file=vehicle_positions.pb,operator terms,https://www.ztm.poznan.pl/otwarte-dane/dla-deweloperow/,
mdb-2376,UA,Lvivavtodor,,https://track.ua-gis.com/gtfs/lviv/vehicle_position,operator terms,https://opendata.city-adm.lviv.ua/ne/dataset/lviv-public-transport-gtfs-real-time/resource/d45fd95a-ffc9-45b1-be05-52012707d51f?inner_span=True,
mdb-1427,US,Capital Metro,,https://data.texas.gov/download/eiei-9rpf/application%2Foctet-stream,operator terms,https://www.capmetro.org/metrolabs/,
mdb-1430,US,Central Ohio Transit Authority,,http://realtime.cota.com/TMGTFSRealTimeWebService/Vehicle/VehiclePositions.pb,operator terms,https://www.cota.com/data/,
mdb-1448,US,Community Transit,,https://s3.amazonaws.com/commtrans-realtime-prod/vehiclepositions.pb,operator terms,https://www.communitytransit.org/OpenData,
mdb-1771,US,Des Moines Area Regional Transit Authority (DART),,https://www.ridedart.com/gtfs/real-time/vehicle-positions,operator terms,https://www.ridedart.com/open-data-policy-and-terms-use,
mdb-1461,US,Duluth Transit,,https://duluthtransit.com/gtfsrt/Vehicle/VehiclePositions.pb,operator terms,https://www.duluthtransit.com/home/doing-business/developer-resources/,
mdb-3410,US,Greater Cleveland Regional Transit Authority (GCRTA),,https://gtfs-rt.gcrta.vontascloud.com/TMGTFSRealTimeWebService/Vehicle/VehiclePositions.pb,operator terms,https://www.riderta.com/developers,
mdb-2645,US,Greater Portland Metro Bus,,https://gtfsrt.gptd.cadavl.com/ProfilGtfsRt2_0RSProducer-GPTD/VehiclePosition.pb,operator terms,https://www.gpmetro.org/about-us/projects-initiatives/developers/,
mdb-1542,US,King County Metro,,https://s3.amazonaws.com/kcm-alerts-realtime-prod/vehiclepositions.pb,operator terms,https://kingcounty.gov/depts/transportation/metro/travel-options/bus/app-center/developer-resources/terms-of-use.aspx,"Transit scheduling, geographic, and real-time data provided by permission of King County"
mdb-1414,US,Metro St. Louis,,https://www.metrostlouis.org/RealTimeData/StlRealTimeVehicles.pb,operator terms,https://www.metrostlouis.org/developer-resources/,
mdb-1683,US,Metro Transit,,https://svc.metrotransit.org/mtgtfs/vehiclepositions.pb,operator terms,https://svc.metrotransit.org,
mdb-2097,US,Metro Transit - City of Madison,,https://metromap.cityofmadison.com/gtfsrt/vehicles,operator terms,http://www.cityofmadison.com/metro/Apps/developers.cfm,
mdb-2110,US,Mountain View Transportation Management Association (MVgo),,https://mtma.tripshot.com/v1/gtfs/realtime/feed/mvgo?types=VehiclePosition,operator terms,https://mvgo.org/developers/,
mdb-1622,US,Nashville MTA WeGo Public Transit,,http://transitdata.nashvillemta.org/TMGTFSRealTimeWebService/vehicle/vehiclepositions.pb,operator terms,https://www.wegotransit.com/contact-us/data-request-submission/,
mdb-1910,US,Santa Cruz Metro (SCMTD),,https://rt.scmetro.org/gtfsrt/vehicles,operator terms,https://scmtd.com/en/riders-guide/google-transit/gtfs-dev-data,
mdb-1781,US,Springfield Mass Transit District (SMTD),,http://ride.smtd.org/gtfsrt/vehicles,operator terms,https://www.smtd.org/gtfs-information/,
mdb-1722,US,Valley Metro,,https://app.mecatran.com/utw/ws/gtfsfeed/vehicles/valleymetro?apiKey=4f22263f69671d7f49726c3011333e527368211f,operator terms,https://phoenixopendata.com/dataset/valley-metro-bus-schedule/resource/28ccc0a5-49c8-495c-b91f-193de5ce2cb7,
mdb-2454,US,Valley Regional Transit,,https://s3.amazonaws.com/etatransit.gtfs/valleyregionaltransit.etaspot.net/position_updates.pb,operator terms,https://www.valleyregionaltransit.org/about-us/resources/,
mdb-1740,US,Votran,,http://realtimevotran.availtec.com/infopoint/GTFS-Realtime.ashx?&Type=VehiclePosition,operator terms,http://www.votran.org/about-us/data.stml,
